Residue	NTerm1	NTerm2	NTerm3	Pos4	Pos5	Pos6	Pos7	Pos8	CTerm
A	-1.56	-0.25	-0.10	0.24	-0.10	0.17	0.27	0.00	0.55
C	0.05	-0.01	-0.02	0.11	0.09	0.05	0.00	-0.13	0.00
D	1.37	1.42	1.83	-0.23	0.33	0.32	1.07	0.32	1.83
E	1.65	0.02	1.51	0.08	0.54	-0.13	0.64	0.44	1.58
F	1.03	-0.45	-1.05	-0.50	-0.26	0.08	-0.50	0.17	-2.52
G	0.28	1.14	1.70	0.45	0.66	0.12	1.41	-0.38	1.41
H	0.21	0.33	-0.23	-0.21	-0.11	-0.06	-0.19	0.39	0.55
I	-0.11	-0.49	-0.62	-0.09	-0.42	-0.75	-0.94	0.45	-0.52
K	-1.03	-0.41	0.09	-0.23	-0.08	-0.26	0.44	0.12	-0.45
L	-0.50	0.09	-0.11	0.11	-0.34	0.02	-0.73	0.01	-0.94
M	-0.38	-0.46	-0.58	-0.35	-0.26	0.30	-0.64	-0.11	-0.29
N	-1.43	0.69	1.01	0.38	0.49	-0.27	0.16	0.33	1.33
P	1.43	3.00	0.22	-0.04	-0.72	-0.13	-0.84	0.03	-0.09
Q	0.47	-0.97	0.39	0.15	0.15	-0.07	0.34	0.26	0.12
R	-1.34	-1.47	-0.42	-0.27	-0.32	-0.75	-0.09	-0.42	-1.47
S	-0.56	-0.34	0.11	0.27	0.45	0.31	0.87	-0.51	2.26
T	-0.12	-0.04	0.43	0.23	0.43	0.49	0.39	-0.46	0.72
V	-0.49	-0.50	-0.71	0.27	0.37	-0.02	-0.29	0.10	-0.30
W	0.54	-0.64	-1.65	-0.18	-0.78	0.31	-0.50	-0.63	-0.87
Y	0.50	-0.67	-1.80	-0.18	-0.13	0.28	-0.87	0.02	-2.91
